{"cameraMode":{"drawMode":0,"name":"Shaded","section":"Shading Mode"},"sceneLighting":true,"audioPlay":false,"sceneViewState":{"showFog":true,"showMaterialUpdate":false,"showSkybox":true,"showFlares":true,"showImageEffects":true,"showParticleSystems":true},"in2DMode":false,"pivot":{"x":1.2916409969329835,"y":-1.1848177909851075,"z":86.2351303100586},"rotation":{"x":-0.21050062775611878,"y":-0.7005037665367127,"z":0.22966180741786958,"w":-0.6420589089393616},"size":2.915205717086792,"orthographic":false}